Id,Churn,
0,0.04352126809992860,
1,0.7504018424153350,
2,0.671775481960899,
3,0.017442709886113500,
4,0.0081707453655003,
5,0.1001538053761440,
6,0.4950317878890080,
7,0.2656581054718390,
8,0.0795078360459606,
9,0.31339997586554400,
10,0.17698799065507600,
11,0.1685926909034030,
12,0.2543239033684740,
13,0.09760622404889870,
14,0.015885745744475300,
15,0.02519924841704020,
16,0.141434569001614,
17,0.27429666279529300,
18,0.029690154158998700,
19,0.0298327062593803,
20,0.15453159016525000,
21,0.021980272469287200,
22,0.7867829512027620,
23,0.43362213596091400,
24,0.1496133681337700,
25,0.5062820312229810,
26,0.17944644566859600,
27,0.018523554480662500,
28,0.0263531813054984,
29,0.007701553002269050,
30,0.6145650857474390,
31,0.3634909296376620,
32,0.8049346785893960,
33,0.5593773695249050,
34,0.08280074852265300,
35,0.054981765817274200,
36,0.5517677915726520,
37,0.04773927225498340,
38,0.11731737980647400,
39,0.043932275570659500,
40,0.33276812873098600,
41,0.5671378469136280,
42,0.4173962518252950,
43,0.21255969661876000,
44,0.3744628575237600,
45,0.2821771238385010,
46,0.19088074216077200,
47,0.10410140504144900,
48,0.2882254678494060,
49,0.28618064928259900,
50,0.3988845983621050,
51,0.7959027353956080,
52,0.23704324286228800,
53,0.10268173881684000,
54,0.49946756999955500,
55,0.011756938366262700,
56,0.022333466420001600,
57,0.649656807796352,
58,0.7173607125138040,
59,0.2309374238970640,
60,0.024281737809692000,
61,0.5452303487094790,
62,0.12463905874298900,
63,0.14309342521672600,
64,0.7811745672470290,
65,0.011604412968503700,
66,0.2562569068161950,
67,0.36981805998339300,
68,0.019974190935301100,
69,0.6197280696886150,
70,0.5455097795203620,
71,0.6368319481922470,
72,0.07058457646585680,
73,0.4484366670688420,
74,0.8425711002514920,
75,0.02121705034852350,
76,0.12256488930480200,
77,0.0543477944724104,
78,0.1813040296537450,
79,0.01524444933641320,
80,0.47972299256396100,
81,0.7509269755252730,
82,0.7894331284138480,
83,0.19973090376605700,
84,0.29631098490100900,
85,0.03421932486438470,
86,0.06898298151442070,
87,0.3432874543546630,
88,0.3439297274886710,
89,0.29631098490100900,
90,0.08215752055569700,
91,0.18992198085448200,
92,0.8460590355640910,
93,0.8247887385397350,
94,0.00835145029280973,
95,0.045895188453817200,
96,0.1420862700800260,
97,0.6757069938292470,
98,0.24328689586449000,
99,0.6176543009725060,
100,0.03416992604206410,
101,0.8614875088276570,
102,0.008609475276284590,
103,0.6038267278179650,
104,0.009398165571242130,
105,0.7924544745477470,
106,0.33861696598691200,
107,0.10612400422281200,
108,0.017311130761523500,
109,0.18630149361559500,
110,0.108794516708692,
111,0.06801627269595870,
112,0.5215617737108810,
113,0.35064239842849900,
114,0.014973350366209900,
115,0.8267850177495890,
116,0.01804730474709640,
117,0.009438582304614990,
118,0.024475599866152800,
119,0.7672391545291840,
120,0.1240608952548130,
121,0.051570228468691700,
122,0.2755777480600460,
123,0.33952025327861800,
124,0.2740406325272520,
125,0.2097182783056830,
126,0.7373358518839670,
127,0.22914298877431900,
128,0.183742528465294,
129,0.1659198839833160,
130,0.10025277277471300,
131,0.06101952313345540,
132,0.00952104515359468,
133,0.031123307418433100,
134,0.2479414351159980,
135,0.04721134108925510,
136,0.03694849807250010,
137,0.009522298172858560,
138,0.05659323451906560,
139,0.1268913956066100,
140,0.02026638926039620,
141,0.03230192655315430,
142,0.0939772425466865,
143,0.059365668187919900,
144,0.3050843104057810,
145,0.1189056226542200,
146,0.3088829262389730,
147,0.013028905236951300,
148,0.010826381014865400,
149,0.708642544310268,
150,0.03029700499367970,
151,0.621226986971679,
152,0.36502019583879300,
153,0.025036277283120500,
154,0.364394301469203,
155,0.8282652566118940,
156,0.02753896862472000,
157,0.10675649318738200,
158,0.06567012444084100,
159,0.1217083214588250,
160,0.2613218373418410,
161,0.6542892452508870,
162,0.06577397917825980,
163,0.04847849698789800,
164,0.5600918742171880,
165,0.07929655657393980,
166,0.03214297816043590,
167,0.11320338671663700,
168,0.018028787569376300,
169,0.5754547891624380,
170,0.8185147763713280,
171,0.031661421338393200,
172,0.40464319539111400,
173,0.30990988202322100,
174,0.11061694121261900,
175,0.5191521025627860,
176,0.1181536005420520,
177,0.05911984866603480,
178,0.019032629428402000,
179,0.833284943256314,
180,0.14699347741881700,
181,0.07146114879707430,
182,0.03419024395526150,
183,0.09459352355451860,
184,0.14379019428132900,
185,0.021399455770557200,
186,0.11586863879333100,
187,0.013203898730809200,
188,0.02241388218159910,
189,0.027378989267634700,
190,0.018128515189598500,
191,0.010174220031668400,
192,0.1450432636662960,
193,0.03021849664866690,
194,0.4475393157678700,
195,0.15721529257796600,
196,0.027869825795833100,
197,0.16444108739055900,
198,0.32575171842627300,
199,0.5234444295613730,
200,0.5245630988724930,
201,0.6571280746762180,
202,0.1391493932554820,
203,0.6684864584912230,
204,0.11675129884014400,
205,0.014741455126932800,
206,0.06339051527912170,
207,0.6535469067667890,
208,0.6510379079308390,
209,0.5789858333997440,
210,0.2824244237528810,
211,0.06607028056884460,
212,0.5163021597091030,
213,0.014221310040140400,
214,0.019775608283182200,
215,0.6250963098710380,
216,0.882934350496648,
217,0.7619974281855150,
218,0.16655403879675600,
219,0.5278844753738940,
220,0.46766103146818800,
221,0.031479879298770000,
222,0.0604838752180593,
223,0.10544863292660800,
224,0.022374750836422800,
225,0.6487196302811160,
226,0.26117409328709300,
227,0.10724359635069100,
228,0.5122361800763720,
229,0.34507851683760300,
230,0.00884924732021443,
231,0.01648857572492040,
232,0.24423211941181500,
233,0.009764698236741380,
234,0.015130853128417600,
235,0.020909614483615300,
236,0.8052657832148160,
237,0.23736859040745600,
238,0.07209036758659510,
239,0.38086881401642000,
240,0.19902064509176800,
241,0.021501445432869700,
242,0.16171688836606500,
243,0.3594567548588690,
244,0.03527613493352560,
245,0.08412808015698290,
246,0.020601733760701800,
247,0.009011494905311440,
248,0.09143692422771820,
249,0.023259830002052900,
250,0.008888351131092630,
251,0.0207707904019379,
252,0.0991156635754844,
253,0.4852944561788980,
254,0.3573248586428360,
255,0.6487450507274150,
256,0.0745244895342285,
257,0.1387086250469570,
258,0.22219151111332400,
259,0.6532718552942230,
260,0.08994960662688510,
261,0.2673120460498180,
262,0.21570293277515100,
263,0.5035654601549830,
264,0.6702094181224150,
265,0.3858002210263910,
266,0.6657427288599720,
267,0.3006432403773840,
268,0.26941652363540100,
269,0.11529792332343900,
270,0.011572311939124200,
271,0.010737014527452500,
272,0.26457418927985900,
273,0.5520843436787780,
274,0.05775891966508440,
275,0.3426751785511430,
276,0.03671942092226520,
277,0.07118264899101210,
278,0.11128608318807600,
279,0.026067429972335900,
280,0.6363408651449570,
281,0.061641299937920900,
282,0.5515397183815500,
283,0.00835145029280973,
284,0.11015692327047600,
285,0.011133907843610100,
286,0.019548391387700600,
287,0.00884924732021443,
288,0.09876889531040690,
289,0.7282382856377730,
290,0.5007441093546000,
291,0.6376413330686650,
292,0.046541358911641200,
293,0.447541330335011,
294,0.4805753265977700,
295,0.07081353537314960,
296,0.10133493341587700,
297,0.5226203389280620,
298,0.008362173746729190,
299,0.24555342606841700,
300,0.036807091250179600,
301,0.08388563655675210,
302,0.11300513869830500,
303,0.7614059596947500,
304,0.030707024203789600,
305,0.19902064509176800,
306,0.40572305505175900,
307,0.5950437177702150,
308,0.6938359468819500,
309,0.8036839902199130,
310,0.03968841180856250,
311,0.015128946161617400,
312,0.07565555817882040,
313,0.0488617393450269,
314,0.39938790818518100,
315,0.8084862855213850,
316,0.02268736827895320,
317,0.3467109663383180,
318,0.7179578986614210,
319,0.5463948504778360,
320,0.40832408937543800,
321,0.6441104281001320,
322,0.5093682266700630,
323,0.0991099521585788,
324,0.02941611988920570,
325,0.7521542433467710,
326,0.022374905796001200,
327,0.21380870135225100,
328,0.009398165571242130,
329,0.4323625788818400,
330,0.12360242620295900,
331,0.263033046025146,
332,0.2788267315047420,
333,0.17140771606001100,
334,0.6033009861830050,
335,0.09206557783904880,
336,0.012428682863754000,
337,0.293938508587566,
338,0.016439523207088000,
339,0.01536186257379380,
340,0.48816315444287700,
341,0.32201398860584600,
342,0.09523785974073740,
343,0.2419678240137850,
344,0.023180007943550700,
345,0.043932275570659500,
346,0.347868515573366,
347,0.3839623359239270,
348,0.010232865714518600,
349,0.3320761726723490,
350,0.053183803986296700,
351,0.03243885460695610,
352,0.24161344819246700,
353,0.05796749778798160,
354,0.3498502950486720,
355,0.02422054411257970,
356,0.7872020940689670,
357,0.4769208861018060,
358,0.6862973528927060,
359,0.6061814505366940,
360,0.1526984896479410,
361,0.015446979504160500,
362,0.3944792700589630,
363,0.046731112028757,
364,0.2731937155254790,
365,0.00997029360046961,
366,0.047296750527284800,
367,0.12706045148978400,
368,0.053581474914540100,
369,0.0820145384250796,
370,0.10519582106337400,
371,0.239335512398704,
372,0.04953562003491670,
373,0.8325961628121960,
374,0.022655758757970800,
375,0.1363055187391460,
376,0.23454256339358600,
377,0.18013460969884100,
378,0.6999896187886660,
379,0.6035691126283110,
380,0.2316419366710660,
381,0.051868988007912400,
382,0.032950670735267700,
383,0.3935548300625200,
384,0.23432867040432600,
385,0.5398288177470130,
386,0.5078422439920500,
387,0.019525980667460400,
388,0.008952789720352910,
389,0.0157794386316597,
390,0.6793724907159410,
391,0.017998192311984900,
392,0.6659926666982500,
393,0.3893623511776950,
394,0.08305360721337870,
395,0.4172497164037790,
396,0.043932275570659500,
397,0.02687156398739390,
398,0.11822868809333000,
399,0.016976169308652200,
400,0.34582687016925500,
401,0.06765287248555660,
402,0.01884810717875950,
403,0.22263196612047700,
404,0.023557312595841600,
405,0.5607772671325310,
406,0.5885216537725920,
407,0.2844327163748940,
408,0.29631098490100900,
409,0.014101469875173100,
410,0.053478890932195000,
411,0.037013445522742600,
412,0.5705372562795680,
413,0.523721635165462,
414,0.2882254678494060,
415,0.15716968261646500,
416,0.016020058364301500,
417,0.3682171499002920,
418,0.0971080930214364,
419,0.0585945258534484,
420,0.369149158421995,
421,0.22500428254653700,
422,0.5006128359351170,
423,0.13295889139246000,
424,0.09973602934025640,
425,0.680037727119543,
426,0.17594403115874900,
427,0.057792558008824600,
428,0.8460590355640910,
429,0.12388196538639000,
430,0.03497075960346800,
431,0.08845767778033520,
432,0.6502945333621050,
433,0.6482303280666970,
434,0.5868123296833660,
435,0.6720651419827730,
436,0.013363637821790100,
437,0.03041248402119310,
438,0.2829599212530620,
439,0.3497724506612460,
440,0.06634068101194990,
441,0.19344526002157400,
442,0.13126089562108400,
443,0.02748428506823700,
444,0.26588159021513200,
445,0.01042507051322600,
446,0.02979955784895330,
447,0.034880764922328300,
448,0.4668560998831190,
449,0.08222519232218980,
450,0.5059576684376360,
451,0.46420795121500800,
452,0.016922303999049000,
453,0.4756911683029720,
454,0.03747336740413960,
455,0.1411676221221420,
456,0.1899406410525120,
457,0.011497029765333300,
458,0.024992120988994300,
459,0.08330262259424690,
460,0.20623068325968700,
461,0.015217820749043800,
462,0.021824587023396200,
463,0.024114606080894700,
464,0.3839623359239270,
465,0.19939107511182400,
466,0.0206918643438888,
467,0.7003840708136010,
468,0.18134908881194900,
469,0.034528965362430200,
470,0.45406022399691800,
471,0.3776790063971480,
472,0.2882254678494060,
473,0.18751899852383000,
474,0.4906286801650260,
475,0.029928040803084200,
476,0.7590352686886200,
477,0.038590150153813700,
478,0.05772002510899070,
479,0.22668894020806300,
480,0.30684921907727800,
481,0.024519267075499200,
482,0.2179540899249650,
483,0.6014586686538170,
484,0.06876961731281810,
485,0.3511736112807980,
486,0.48218284895363600,
487,0.2882989873236220,
488,0.010625548775859400,
489,0.047675565679837600,
490,0.7649745094698320,
491,0.3989062901402740,
492,0.2533972639154490,
493,0.060009704009678600,
494,0.06246554614052130,
495,0.016085604421509000,
496,0.08649040248418810,
497,0.028986359030518800,
498,0.6742117934728040,
499,0.04420204199806430,
500,0.79295152447499,
501,0.02165378787420290,
502,0.22619093888428600,
503,0.33607522371448900,
504,0.351817978742371,
505,0.01856919949528500,
506,0.11092191340446200,
507,0.2837812316163720,
508,0.5501397547752670,
509,0.057607267958537400,
510,0.7632838215163790,
511,0.2934681284287900,
512,0.6069213476658230,
513,0.5054176466416330,
514,0.08806267244519630,
515,0.04298595531689020,
516,0.2101415109353880,
517,0.8918842522052780,
518,0.40627369520559400,
519,0.014684754001442300,
520,0.5547234030277630,
521,0.05847561647270470,
522,0.014226309257840500,
523,0.15458848966015100,
524,0.882934350496648,
525,0.143028223632318,
526,0.37662062064945100,
527,0.08234115134461320,
528,0.6213514720439510,
529,0.06486239433641780,
530,0.027271706106668300,
531,0.06737327965579520,
532,0.142928792017873,
533,0.3065329664283640,
534,0.7992832094308870,
535,0.6634875469652600,
536,0.4131147182868810,
537,0.053056359514278700,
538,0.4367944524380020,
539,0.10458144302637200,
540,0.6248767844115390,
541,0.7180957771796770,
542,0.12117471518558200,
543,0.12340467136675200,
544,0.16261040801895400,
545,0.31665757989455800,
546,0.4268838579866560,
547,0.03514299715562420,
548,0.31651353519853900,
549,0.04832991920144690,
550,0.05758352015362920,
551,0.03176983701453580,
552,0.018072324070117500,
553,0.15072208738634500,
554,0.13283931814421600,
555,0.043497543881259100,
556,0.6899893243956430,
557,0.6807221294352420,
558,0.10959282123484100,
559,0.24216618806147200,
560,0.4726644418020510,
561,0.01024499659438620,
562,0.025835117429710900,
563,0.013662140745988300,
564,0.2395279704797370,
565,0.30955774987742500,
566,0.679998331683905,
567,0.08728260505129870,
568,0.6004937815075680,
569,0.06619970553093020,
570,0.014397619536203800,
571,0.745871448387517,
572,0.7021577445953680,
573,0.2126796162304430,
574,0.014035160335540500,
575,0.28987596372609800,
576,0.18260097677319900,
577,0.5789103312191850,
578,0.39653672331040600,
579,0.7387863600501290,
580,0.020852335667776900,
581,0.6076196423864360,
582,0.009537186900725430,
583,0.026135961109503100,
584,0.18745151873736400,
585,0.015383326815206900,
586,0.1292243311695840,
587,0.05816764931790670,
588,0.8310272712620010,
589,0.35550269425346800,
590,0.8904317161862400,
591,0.058172615867180000,
592,0.5800667794758270,
593,0.03501712317792880,
594,0.314292880664494,
595,0.5740869599217650,
596,0.008609475276284590,
597,0.4503515033584290,
598,0.4470305663440220,
599,0.045425669202306800,
600,0.01108506532311900,
601,0.15472315859576000,
602,0.08993593138131350,
603,0.5794639391860390,
604,0.03688395113448450,
605,0.2670089897317870,
606,0.09078813555208550,
607,0.6481538274723290,
608,0.08794459152958050,
609,0.16910851373608800,
610,0.5371536018582240,
611,0.19939107511182400,
612,0.34994644175421600,
613,0.1619539027815310,
614,0.05510498553819630,
615,0.012817932794995800,
616,0.47858576217963800,
617,0.10480750259300000,
618,0.014010011378322400,
619,0.19056482644376400,
620,0.022541815973183600,
621,0.3283953954394040,
622,0.6757069938292470,
623,0.8546532995543070,
624,0.06495012354013770,
625,0.12426670937483600,
626,0.015324777628179300,
627,0.020361078690130700,
628,0.670736208333673,
629,0.166176600847628,
630,0.4940072455059030,
631,0.023959482135277200,
632,0.5490993020693320,
633,0.01758594134147300,
634,0.4977758099657210,
635,0.014631026307700200,
636,0.08832562963330650,
637,0.11164586575706800,
638,0.16486573337280000,
639,0.5635459004001080,
640,0.8066938536176240,
641,0.16497633766527000,
642,0.11110166973445000,
643,0.1566381569915930,
644,0.3731404984822210,
645,0.03492413669394790,
646,0.08633366195517990,
647,0.06387981170872020,
648,0.009714046953903520,
649,0.062136988417083400,
650,0.032770044237982700,
651,0.7644663419594800,
652,0.03711131772645910,
653,0.204058177235346,
654,0.1802052091397690,
655,0.5010778962081380,
656,0.14751549152302700,
657,0.11464964067277800,
658,0.04319529206883080,
659,0.4389212827815830,
660,0.035158801805407400,
661,0.028864286649921500,
662,0.48184447271877400,
663,0.27531132598139800,
664,0.02825569460804410,
665,0.6932694481461940,
666,0.8988388524373660,
667,0.14661227666233900,
668,0.03277477696959900,
669,0.013061549057478900,
670,0.023414443089915200,
671,0.47013015543944500,
672,0.5714229324847900,
673,0.3609388386702050,
674,0.7513152792761040,
675,0.10736485264006700,
676,0.012928125356464300,
677,0.3133984361595480,
678,0.3111579482765060,
679,0.6600382675529430,
680,0.5035654601549830,
681,0.14630554021564700,
682,0.015837973632492900,
683,0.397982378640364,
684,0.04097576245996950,
685,0.3067839262644180,
686,0.02607417443886070,
687,0.030219759033614600,
688,0.31935912347877800,
689,0.18590395243660900,
690,0.6514168435429900,
691,0.8504903208880080,
692,0.3783913697772580,
693,0.2104845559780060,
694,0.04471498151148630,
695,0.5812724408518120,
696,0.4074995564109030,
697,0.012165240638556100,
698,0.026097053261433800,
699,0.09647369885117330,
700,0.06554596758108850,
701,0.14110658483419600,
702,0.11532633654724600,
703,0.08582945983750610,
704,0.8881072065263800,
705,0.012398887560292000,
706,0.061165134970367100,
707,0.7634054481528690,
708,0.02080571995076340,
709,0.07802625525804470,
710,0.03597971020362530,
711,0.17106265635855600,
712,0.2564640136826700,
713,0.30955774987742500,
714,0.1974119722866570,
715,0.13584383762169300,
716,0.7497454486260440,
717,0.025817506265289600,
718,0.3803407847743990,
719,0.8278860589117150,
720,0.11614458188705500,
721,0.2279157299859780,
722,0.16837856409619400,
723,0.47741877148983600,
724,0.08979452819113110,
725,0.6777243413007000,
726,0.014100063806214200,
727,0.29133975499535200,
728,0.19985973530109700,
729,0.021244908068242000,
730,0.010170158261022000,
731,0.7712167264655620,
732,0.01057614941760620,
733,0.029363080867980900,
734,0.04046023727845360,
735,0.5215046758191800,
736,0.019291451605643600,
737,0.21887403555125700,
738,0.45259895148112500,
739,0.44851516580455200,
740,0.29968376417553400,
741,0.3394705381383380,
742,0.22138390227054400,
743,0.4362834122152480,
744,0.12056960496468100,
745,0.16024038250056200,
746,0.06444500305939830,
747,0.37407658631660000,
748,0.009281990778158530,
749,0.6284166144430230,
750,0.4530672802134690,
751,0.03770664009662910,
752,0.1693070537942520,
753,0.09358259283331240,
754,0.5988862715222330,
755,0.0971183673855038,
756,0.1646343852310390,
757,0.48673745494290000,
758,0.08777377366543,
759,0.6413741940422640,
760,0.41228556028001700,
761,0.5933980125863960,
762,0.7804531082768730,
763,0.09381415626199680,
764,0.13307838734452000,
765,0.10503522960306300,
766,0.5280455421316640,
767,0.06049700630564970,
768,0.15079384795954700,
769,0.41129403049572600,
770,0.6331010275556210,
771,0.025198561672554800,
772,0.7697894294538690,
773,0.20236345093352400,
774,0.5823705117150900,
775,0.09509883577113510,
776,0.0637769476237229,
777,0.5624078298772180,
778,0.03185605075015190,
779,0.6608628583985650,
780,0.0846199619930201,
781,0.48138851234464600,
782,0.6416457620941820,
783,0.6585555217540390,
784,0.02118906716930200,
785,0.6015184862919000,
786,0.13224995558362400,
787,0.14631557270017200,
788,0.524440983380049,
789,0.02085964078901710,
790,0.5423365873338140,
791,0.6556557645633280,
792,0.020201279717287200,
793,0.4722490423848000,
794,0.6805040147006240,
795,0.47252579325688600,
796,0.36611667110650100,
797,0.014414814283917000,
798,0.08579319538731370,
799,0.054088711663562500,
800,0.30718502387809900,
801,0.268210260985487,
802,0.018145575486018300,
803,0.7378646609121140,
804,0.009601591466425850,
805,0.15905096958233600,
806,0.010902373657205800,
807,0.5110305300824370,
808,0.10170396561035700,
809,0.18178114614958000,
810,0.12207696156019000,
811,0.26441246242876400,
812,0.32040919845336400,
813,0.19745990405808200,
814,0.033719446103196200,
815,0.6351536060792050,
816,0.22597753118769500,
817,0.2515357832853110,
818,0.014218833974777200,
819,0.05144832728139410,
820,0.13568827329441300,
821,0.8072219196948960,
822,0.00997029360046961,
823,0.040697555052786800,
824,0.08217905506258290,
825,0.021244908068242000,
826,0.014294697461979700,
827,0.4954546211876320,
828,0.7485294997193770,
829,0.7361867220025950,
830,0.8530428048816620,
831,0.8066938536176240,
832,0.30126551761432100,
833,0.36087632688601100,
834,0.2534257741054520,
835,0.29947566417768800,
836,0.06205667760272930,
837,0.7163527790895840,
838,0.3921046363454540,
839,0.27059177777271600,
840,0.3839623359239270,
841,0.29631098490100900,
842,0.1491014107152080,
843,0.36847715646613800,
844,0.015165206579022800,
845,0.3648897480775090,
846,0.5158227535498830,
847,0.8317087350407170,
848,0.019775456935914100,
849,0.26105913239656100,
850,0.4634855893438890,
851,0.10212524330009400,
852,0.01473455486223330,
853,0.20787678530135700,
854,0.26627313071062800,
855,0.10397001094855500,
856,0.47140271608845900,
857,0.0830963786478263,
858,0.693927440343488,
859,0.012423032399117600,
860,0.5216618398545370,
861,0.08874895877225820,
862,0.10492492577504300,
863,0.5497901692747590,
864,0.13887122449961900,
865,0.03413859432543800,
866,0.08384553753734000,
867,0.4062328802619740,
868,0.2187959921167090,
869,0.318555651863601,
870,0.692317865615778,
871,0.09350282467232740,
872,0.07654700172801440,
873,0.45410786133884900,
874,0.7108206888532060,
875,0.46988117353739100,
876,0.22640276755337700,
877,0.11852513731436100,
878,0.016439523207088000,
879,0.11800285532942200,
880,0.14251064089103000,
881,0.06646440831823920,
882,0.009707240001551200,
883,0.7726126888874850,
884,0.07496675283575540,
885,0.28627276646630300,
886,0.23976105141903700,
887,0.015474412657674100,
888,0.06091330194735880,
889,0.2700652098193750,
890,0.2067170771554290,
891,0.08127530991273310,
892,0.010497366212984500,
893,0.6925638378721530,
894,0.03682099429706860,
895,0.02248383530572560,
896,0.056647964325499,
897,0.3882960240417470,
898,0.08942970424970300,
899,0.7649837930215840,
900,0.02230896832588560,
901,0.20730707057990600,
902,0.12339804468838100,
903,0.06891983876862840,
904,0.15001858465849700,
905,0.011109572786874100,
906,0.512195463469381,
907,0.009702003067630870,
908,0.021908575752239400,
909,0.7265048527674880,
910,0.022554293592525300,
911,0.018903069697574300,
912,0.011188552080313300,
913,0.4616337743081470,
914,0.11018311300359700,
915,0.05926141770997450,
916,0.7029723245739830,
917,0.4818005094621120,
918,0.29631098490100900,
919,0.7842668795350120,
920,0.12335791248910700,
921,0.8338106919801400,
922,0.11226737431807000,
923,0.1184753984558230,
924,0.6067707747588450,
925,0.10047730642410600,
926,0.06079898689110220,
927,0.30126551761432100,
928,0.08107223704454920,
929,0.16365083219161400,
930,0.7277883579222770,
931,0.5067648825776300,
932,0.7717089635708600,
933,0.027016408109042400,
934,0.061550794721172900,
935,0.05011301918921120,
936,0.01017983169551830,
937,0.2806546331012220,
938,0.11978012796124900,
939,0.04025585446998790,
940,0.007950086703145480,
941,0.7047673106170180,
942,0.521304879471116,
943,0.011931855634707600,
944,0.1340532643961560,
945,0.7639827128671640,
946,0.3093397699514990,
947,0.03466774421254610,
948,0.06423642044218860,
949,0.3970266973250990,
950,0.781160492269386,
951,0.026877216135883100,
952,0.30955774987742500,
953,0.3417736486116920,
954,0.22306792016552000,
955,0.21988958913474400,
956,0.15555577098199300,
957,0.43102362859571500,
958,0.04650526327843950,
959,0.0991099521585788,
960,0.2983767578898520,
961,0.38443230827385600,
962,0.11864513997955800,
963,0.017825560553985500,
964,0.5012220048908950,
965,0.7364563707061150,
966,0.1707502857172590,
967,0.02062721926623640,
968,0.11570140592126900,
969,0.07003967976140120,
970,0.02188892002024730,
971,0.021090562015379600,
972,0.3391359645770200,
973,0.1633053929042690,
974,0.01074260485322150,
975,0.5280829468597530,
976,0.08726236721089160,
977,0.05165109005938230,
978,0.4065358233198190,
979,0.07183815648046020,
980,0.7461565455282840,
981,0.09353355385109430,
982,0.36447511249896000,
983,0.009969680131552280,
984,0.6014586686538170,
985,0.07423993567038810,
986,0.05954361207457440,
987,0.6170812043760380,
988,0.3649908792529350,
989,0.040638027027082400,
990,0.6740498165865040,
991,0.5629810625532320,
992,0.16770930932082700,
993,0.1353339632315720,
994,0.6302824839124850,
995,0.3821759728468390,
996,0.19939107511182400,
997,0.009530554135273560,
998,0.8447931105613730,
999,0.013833717005136000,
1000,0.01717140844178530,
1001,0.24335097094424900,
1002,0.29631098490100900,
1003,0.1769370744519250,
1004,0.4502222175674460,
1005,0.009436844023825610,
1006,0.023162780364311900,
1007,0.06725789711293910,
1008,0.06452882607622930,
1009,0.15613602849365800,
1010,0.6004042660673180,
1011,0.33652294766068600,
1012,0.15862100099787600,
1013,0.1806702035098990,
1014,0.07786361392754300,
1015,0.013678849128436300,
1016,0.008937601281505940,
1017,0.11880338887454400,
1018,0.5370869190116740,
1019,0.8471303239897890,
1020,0.7139553104809780,
1021,0.013586114134691100,
1022,0.0862418508282378,
1023,0.022039224321396100,
1024,0.07483929475043600,
1025,0.8422226626685320,
1026,0.4114784245719480,
1027,0.06919716444932170,
1028,0.04346053794867680,
1029,0.7564115130901850,
1030,0.19336267185471900,
1031,0.009713366483733240,
1032,0.03324983416737360,
1033,0.10697396086465900,
1034,0.08510585382314920,
1035,0.5839333546411070,
1036,0.6001182374835870,
1037,0.12589405245050800,
1038,0.3014780019410580,
1039,0.011042427431962300,
1040,0.571916571443925,
1041,0.2175958387516110,
1042,0.5681449910814790,
1043,0.009996661753107440,
1044,0.08106294298270370,
1045,0.009195033803692930,
1046,0.01283796663994020,
1047,0.20626026186846400,
1048,0.7309215161850800,
1049,0.04976471299316730,
1050,0.23974519668666800,
1051,0.13626900715970400,
1052,0.09054280684674900,
1053,0.02586642662953690,
1054,0.015771539313842000,
1055,0.04759313076145610,
1056,0.09339890672408670,
1057,0.08625264710010960,
1058,0.1161568084609210,
1059,0.5355350802587360,
1060,0.418809915292616,
1061,0.04232335489232590,
1062,0.10333402399882300,
1063,0.02170625257048750,
1064,0.08421660396446140,
1065,0.3121055938616110,
1066,0.06585767057220820,
1067,0.15905330192593700,
1068,0.03493697326261000,
1069,0.009952259420692040,
1070,0.05024995915809900,
1071,0.1386298281261540,
1072,0.09423120083001800,
1073,0.147755640495834,
1074,0.041306768054230500,
1075,0.03529131021778290,
1076,0.04523544602626760,
1077,0.4913390260099130,
1078,0.07464508261119610,
1079,0.6524474197471810,
1080,0.016384102378278000,
1081,0.8274642923259180,
1082,0.5083951945753630,
1083,0.05119591542151130,
1084,0.6697287375099380,
1085,0.337812783921187,
1086,0.4837451442097440,
1087,0.02564638374998500,
1088,0.752365357883608,
1089,0.8072219196948960,
1090,0.15946597126693800,
1091,0.4957534893271890,
1092,0.057994049474839100,
1093,0.5723112180216100,
1094,0.330012712533469,
1095,0.07058457646585680,
1096,0.046113615385724200,
1097,0.17811486832392600,
1098,0.26479539624193400,
1099,0.12670740264052200,
1100,0.5328750732574290,
1101,0.2712091030400200,
1102,0.08747059547971370,
1103,0.04319529206883080,
1104,0.017240231579177900,
1105,0.11296221283093800,
1106,0.014397677075925400,
1107,0.021949147600668400,
1108,0.010435750530969100,
1109,0.2600714310708590,
1110,0.6801018385024250,
1111,0.04618517506130460,
1112,0.010379869090068300,
1113,0.08996469320375890,
1114,0.07067527627112190,
1115,0.5315526832216550,
1116,0.1746167328249530,
1117,0.1460655268791490,
1118,0.022887043812179500,
1119,0.18589900779703400,
1120,0.05625514176339750,
1121,0.1574714704656560,
1122,0.3464727922313510,
1123,0.36947735032052000,
1124,0.0206918643438888,
1125,0.017757882254859000,
1126,0.39182461355403200,
1127,0.5096542145041030,
1128,0.13365262054646000,
1129,0.3951268604634400,
1130,0.3086187028786120,
1131,0.01737306640602120,
1132,0.10148096693816500,
1133,0.09351615797238370,
1134,0.7040048558688540,
1135,0.6436314933521490,
1136,0.015236509756864300,
1137,0.06403092120959210,
1138,0.5491622957389970,
1139,0.013432774179543700,
1140,0.5837481572632060,
1141,0.6463226243976850,
1142,0.08941382991469330,
1143,0.07265682072267920,
1144,0.5220524626841980,
1145,0.25961373527219400,
1146,0.08922618767936990,
1147,0.1546437168190140,
1148,0.012112184099957400,
1149,0.03083462130929660,
1150,0.2829312159398100,
1151,0.3175052192732020,
1152,0.5891260150113440,
1153,0.009232898036068700,
1154,0.13677969948225500,
1155,0.0780341072542514,
1156,0.008808789238401100,
1157,0.22619093888428600,
1158,0.5035654601549830,
1159,0.851340280341167,
1160,0.009281045057486820,
1161,0.25651271205969700,
1162,0.2167850232188180,
1163,0.1943666487641310,
1164,0.015541054948071000,
1165,0.600659528604762,
1166,0.09711109249410090,
1167,0.012229468652352100,
1168,0.18956428534398400,
1169,0.00988506770754467,
1170,0.039402373347572700,
1171,0.045871633089161000,
1172,0.15571256985541300,
1173,0.06914284011190950,
1174,0.12207696156019000,
1175,0.6348907861575140,
1176,0.19673758302692900,
1177,0.03227370263816020,
1178,0.4850341589838190,
1179,0.06093312230216340,
1180,0.0215192971101183,
1181,0.010940132271432700,
1182,0.2729100859435170,
1183,0.05283654080377220,
1184,0.08506103112579880,
1185,0.12362359851520300,
1186,0.5916699398024270,
1187,0.6293339892010270,
1188,0.01026159755242280,
1189,0.10518533858861600,
1190,0.07720535478729490,
1191,0.04026561864420220,
1192,0.14331931978794000,
1193,0.45239937086295300,
1194,0.5549279229650230,
1195,0.04587763296740040,
1196,0.11818840330901400,
1197,0.07238227456371240,
1198,0.03205662581558330,
1199,0.23805065753948200,
1200,0.13127096093018200,
1201,0.026294201432960100,
1202,0.03151302949460670,
1203,0.5405174041629460,
1204,0.2785604788358800,
1205,0.17414930306371400,
1206,0.4796162417412930,
1207,0.08789336560283600,
1208,0.3556899838617690,
1209,0.03902517155819040,
1210,0.4025722865885850,
1211,0.02949289106617730,
1212,0.06079167780410950,
1213,0.8592406773379180,
1214,0.15616968138647500,
1215,0.35439462350389500,
1216,0.245573957465051,
1217,0.699626351759809,
1218,0.21065067234151800,
1219,0.08815790770070800,
1220,0.010881311184544000,
1221,0.32769508410803600,
1222,0.8239294465865000,
1223,0.37020944123072400,
1224,0.040340026602037600,
1225,0.3870353792709670,
1226,0.7842668795350120,
1227,0.7097686596054810,
1228,0.4864155951917630,
1229,0.8475983716017610,
1230,0.010383945975705900,
1231,0.6604072932107860,
1232,0.6057165114641300,
1233,0.4685225063323640,
1234,0.23239825932405200,
1235,0.009900186673797720,
1236,0.8993860682544290,
1237,0.6238477944259030,
1238,0.6201028850734490,
1239,0.013929881389816200,
1240,0.17371739119592800,
1241,0.051556585499514100,
1242,0.011465817286606600,
1243,0.753953355368071,
1244,0.011888327260546100,
1245,0.08268187709014670,
1246,0.36879972864253200,
1247,0.1014900954461050,
1248,0.0872073850083198,
1249,0.12004463888409100,
1250,0.06437913046510020,
1251,0.3691697191311510,
1252,0.009962384738654990,
1253,0.8481433784472500,
1254,0.0879684606592253,
1255,0.008995512432278320,
1256,0.6168076953573880,
1257,0.6752198969792340,
1258,0.009795724567694750,
1259,0.3790452667254300,
1260,0.8006608620359070,
1261,0.017762975060887300,
1262,0.2791855328703960,
1263,0.31563259535217400,
1264,0.170301894568653,
1265,0.3661941993382630,
1266,0.4405107137978470,
1267,0.23478244450711600,
1268,0.6495283539593660,
1269,0.35666299520255400,
1270,0.03312259229674160,
1271,0.01811542198140090,
1272,0.12585101065442700,
1273,0.016722670424439800,
1274,0.009747248624738320,
1275,0.1640477356640380,
1276,0.024274215220538200,
1277,0.008526333798469610,
1278,0.08643058987659960,
1279,0.2651035649530320,
1280,0.05113410708774720,
1281,0.544102859830591,
1282,0.8151462255453990,
1283,0.30955774987742500,
1284,0.6336682612974790,
1285,0.16874040851746400,
1286,0.10754470522097600,
1287,0.521276219953122,
1288,0.551703122199756,
1289,0.04491820919050430,
1290,0.15652630651775800,
1291,0.6287287234765350,
1292,0.05380772936003320,
1293,0.031222092168617900,
1294,0.21440945787888100,
1295,0.5039720188460970,
1296,0.09283200807668110,
1297,0.19550974577054000,
1298,0.4339618746176720,
1299,0.5596886202531810,
1300,0.7005376772816690,
1301,0.8088789866292680,
1302,0.07296316287354760,
1303,0.6539565165031180,
1304,0.0767152159061747,
1305,0.06066132237766480,
1306,0.20136574354574700,
1307,0.025065253473499500,
1308,0.12614022776528700,
1309,0.8238850765186020,
1310,0.13107038997274500,
1311,0.4788208505990120,
1312,0.42113300874281100,
1313,0.017574725298922500,
1314,0.01823570856716370,
1315,0.36546729149103400,
1316,0.009797995102593680,
1317,0.556252083826466,
1318,0.023244620508879100,
1319,0.011599842262953400,
1320,0.09145094307136890,
1321,0.01880649120749850,
1322,0.3839623359239270,
1323,0.2325944494875310,
1324,0.06288667476780410,
1325,0.4470784298952930,
1326,0.6536466648885490,
1327,0.14661836328344300,
1328,0.7337344279435400,
1329,0.3414496390368220,
1330,0.7703230951792090,
1331,0.19861018386606500,
1332,0.18783697420026500,
1333,0.1455901693231030,
1334,0.010881311184544000,
1335,0.6526672912277570,
1336,0.041594061794567200,
1337,0.6395262487104940,
1338,0.010503981245302400,
1339,0.759179076092478,
1340,0.017888325069957900,
1341,0.23474027865410300,
1342,0.01445545754956340,
1343,0.08137242799073140,
1344,0.05130345617132190,
1345,0.09263011268984420,
1346,0.04351259882632200,
1347,0.011161435566815000,
1348,0.7323864081918410,
1349,0.02063764524030430,
1350,0.015546331467824900,
1351,0.017462913977906100,
1352,0.03699408352598890,
1353,0.3719820886384820,
1354,0.2435687370257970,
1355,0.6110310226629510,
1356,0.04368107910190440,
1357,0.44709932267205400,
1358,0.011835415342097400,
1359,0.16267628770904100,
1360,0.10602430282809700,
1361,0.10601143550888600,
1362,0.5105836665991270,
1363,0.015191485663182600,
1364,0.07384124314480670,
1365,0.5098074259019250,
1366,0.2309374238970640,
1367,0.027429715668857400,
1368,0.16283420589543400,
1369,0.0576077061728812,
1370,0.028648930523414800,
1371,0.7197590436744640,
1372,0.022257813428669700,
1373,0.16455779481839000,
1374,0.02454428007575040,
1375,0.15913733943005900,
1376,0.08306562090362010,
1377,0.41575052076901100,
1378,0.2836757061188300,
1379,0.12644412331582300,
1380,0.7623633489733330,
1381,0.5686644947129240,
1382,0.40858035686916300,
1383,0.009713563179464410,
1384,0.44274826310464700,
1385,0.7086520921120900,
1386,0.6525623480009660,
1387,0.07365992450374380,
1388,0.6251304252134230,
1389,0.6265302054726320,
1390,0.518773013917474,
1391,0.027469308010305700,
1392,0.7354616850569420,
1393,0.1452055760976460,
1394,0.019134497091992200,
1395,0.41594615472698800,
1396,0.1198933337981230,
1397,0.011758312829033400,
1398,0.2690654711267360,
1399,0.1765064969536970,
1400,0.20961611120116500,
1401,0.07035247229515510,
1402,0.3895710911874810,
1403,0.01282481813001360,
1404,0.11488385681478900,
1405,0.10227681004941600,
1406,0.30955774987742500,
1407,0.3839623359239270,
1408,0.10740666820113800,
1409,0.00988506770754467,
1410,0.0516017327427645,
1411,0.016342141942574000,
1412,0.42005849625500600,
1413,0.6310291173233380,
1414,0.01814287038068360,
1415,0.05595488804846640,
1416,0.14840300785193500,
1417,0.010170158261022000,
1418,0.0787831375226051,
1419,0.3379478475963090,
1420,0.06671679180447260,
1421,0.009904084884036160,
1422,0.017738080147659300,
1423,0.01164825176730440,
1424,0.0927692357492546,
1425,0.04513988994042240,
1426,0.03299639340618880,
1427,0.08923499913931210,
1428,0.7375890891682960,
1429,0.3279554697974110,
1430,0.1540019324790070,
1431,0.2604993930443920,
1432,0.2744571883558040,
1433,0.014890631856273300,
1434,0.7535220912837800,
1435,0.20737410640303600,
1436,0.28349915145065400,
1437,0.14883896199781500,
1438,0.3611894328929900,
1439,0.42682790965274900,
1440,0.29631098490100900,
1441,0.46722542770129300,
1442,0.07056073905612500,
1443,0.6333073094686840,
1444,0.20745338935507400,
1445,0.19380180622717600,
1446,0.20446347304820200,
1447,0.17340033296793300,
1448,0.09470874148850330,
1449,0.8747260512472570,
1450,0.0447448731340414,
1451,0.689146407152581,
1452,0.5039999139887180,
1453,0.018148712464544600,
1454,0.19220052882841300,
1455,0.032565264298213800,
1456,0.07637709088988750,
1457,0.18434216141546800,
1458,0.2156392882786270,
1459,0.8094769951174060,
1460,0.7634054481528690,
1461,0.017943083320250200,
1462,0.010753453053401000,
1463,0.29631098490100900,
1464,0.4630255357762710,
1465,0.627562947348002,
1466,0.026327858282836000,
1467,0.026249041804701200,
1468,0.023593662443449500,
1469,0.45711190651942800,
1470,0.2466900548903540,
1471,0.03232180185223170,
1472,0.3704663588171960,
1473,0.36261316376581900,
1474,0.3695474212987960,
1475,0.8187651948538980,
1476,0.03211657799923740,
1477,0.03376210114692800,
1478,0.2879839847316610,
1479,0.333639640171887,
1480,0.027188682834550200,
1481,0.3989062901402740,
1482,0.010532593825619400,
1483,0.11877754793571900,
1484,0.15870698158492800,
1485,0.30126551761432100,
1486,0.04296048632398670,
1487,0.09763919334063550,
1488,0.27338964933409400,
1489,0.15930786367267700,
1490,0.6334154569375590,
1491,0.021646757298550300,
1492,0.009969680131552280,
1493,0.12754755229162600,
1494,0.7493363969593910,
1495,0.39680817840854600,
1496,0.2850860622657440,
1497,0.2102648600632180,
1498,0.22384258080768600,
1499,0.12003401291478400,
1500,0.047908086747731100,
1501,0.03370972881709010,
1502,0.009034459972796530,
1503,0.10159599090836400,
1504,0.8985598766726340,
1505,0.37376876434856400,
1506,0.684108966138997,
1507,0.17002984211547800,
1508,0.6259227637399390,
1509,0.49975425725874800,
1510,0.09607857107321190,
1511,0.04626714804464110,
1512,0.12499440168188600,
1513,0.19709963344560900,
1514,0.029769773873450900,
1515,0.5359981539918980,
1516,0.046849696055277400,
1517,0.5786149669992750,
1518,0.39659662119355800,
1519,0.08409691070311590,
1520,0.046080469912652400,
1521,0.11012626937421500,
1522,0.013462723060600000,
1523,0.1604791031944130,
1524,0.01812393225503510,
1525,0.4886439267823270,
1526,0.07732846126029160,
1527,0.7501173359777010,
1528,0.11701064803566700,
1529,0.5174908294873660,
1530,0.21143479307752300,
1531,0.10130049824543600,
1532,0.010622968159803300,
1533,0.1157535227130650,
1534,0.0355644633872084,
1535,0.182735798625556,
1536,0.05262265500537130,
1537,0.2490723100439960,
1538,0.009034459972796530,
1539,0.5387403873980850,
1540,0.048243565211723800,
1541,0.5751265631156780,
1542,0.38884277041598800,
1543,0.00987012213669051,
1544,0.042798222020473200,
1545,0.5866586100194690,
1546,0.1756841792608870,
1547,0.31707328656395800,
1548,0.47458444738977500,
1549,0.13030401232675400,
1550,0.8238944076357610,
1551,0.6678089305604310,
1552,0.397913657081554,
1553,0.01301876951094060,
1554,0.012443529316007100,
1555,0.06009686059928720,
1556,0.34502175908030500,
1557,0.5630187455533950,
1558,0.045897737804661000,
1559,0.01773642464822690,
1560,0.317757901046413,
1561,0.016344947385971600,
1562,0.03134804681820340,
1563,0.5126259551946640,
1564,0.08271845981183240,
1565,0.1779800881390470,
1566,0.019569490387673900,
1567,0.0666153990599469,
1568,0.7252336689505130,
1569,0.01441914035552870,
1570,0.3230119552573960,
1571,0.09490673704815840,
1572,0.1724290400966240,
1573,0.015918296261150200,
1574,0.47006112296986500,
1575,0.8461175625706970,
1576,0.05575031353732440,
1577,0.029807683781890200,
1578,0.23593065201991700,
1579,0.33459569215870700,
1580,0.764498368870425,
1581,0.05580620953110220,
1582,0.30955774987742500,
1583,0.0167286895251133,
1584,0.5643811071617440,
1585,0.4362834122152480,
1586,0.02771308662102800,
1587,0.1083132779090000,
1588,0.0113143820177227,
1589,0.4196460343265930,
1590,0.31036925033306800,
1591,0.3068553761581740,
1592,0.8007130533310380,
1593,0.17199124667849700,
1594,0.008959072420010000,
1595,0.29416996945614700,
1596,0.10741671860750300,
1597,0.16390653919247300,
1598,0.06702867043608750,
1599,0.34241489842855900,
1600,0.5650266606968430,
1601,0.39836774935322800,
1602,0.639647603743957,
1603,0.5913899846385050,
1604,0.02256177091924190,
1605,0.19700492808812000,
1606,0.1338700030464810,
1607,0.20343361768233500,
1608,0.016312164047536400,
1609,0.5708947930672890,
1610,0.0773786238552371,
1611,0.18458346817417700,
1612,0.810672429179105,
1613,0.12570692881860100,
1614,0.19132387321281400,
1615,0.21539869860756100,
1616,0.27533461835758500,
1617,0.13600323543927700,
1618,0.3983184229634510,
1619,0.5038919274929330,
1620,0.026466137328925600,
1621,0.2933768515631860,
1622,0.03562602835845040,
1623,0.3693014335328890,
1624,0.015954439117606100,
1625,0.03643997813015370,
1626,0.013491278744171700,
1627,0.1016342913109420,
1628,0.5187825605271620,
1629,0.3286255952601710,
1630,0.0953150946577479,
1631,0.037243191945229200,
1632,0.22584799575518200,
1633,0.10749103036048200,
1634,0.09906557990976790,
1635,0.01057614941760620,
1636,0.01178531855017460,
1637,0.9059719301366180,
1638,0.6596393218683560,
1639,0.43153628318832900,
1640,0.5668583561176660,
1641,0.1980033519249330,
1642,0.023802425924422400,
1643,0.14078820379203600,
1644,0.28237199064762100,
1645,0.32866619457786200,
1646,0.029974769165192800,
1647,0.36212118961321000,
1648,0.1367640825807660,
1649,0.5823191010437240,
1650,0.03948588933284590,
1651,0.13224995558362400,
1652,0.1790937464561210,
1653,0.660168118247005,
1654,0.02073011574042710,
1655,0.3448141699147780,
1656,0.042809927166591700,
1657,0.042642957973714200,
1658,0.023535323397314400,
1659,0.3019096759171340,
1660,0.23061084071967000,
1661,0.020566129039206200,
1662,0.0125254051512153,
1663,0.36462411555169700,
1664,0.1973186529347100,
1665,0.7951053717859070,
1666,0.16653752543084200,
1667,0.0968713925187572,
1668,0.036534195573028400,
1669,0.06400008706100150,
1670,0.8199466293589930,
1671,0.3839623359239270,
1672,0.09359979747777410,
1673,0.1657526048330670,
1674,0.0341537328179187,
1675,0.24525832945617200,
1676,0.4420462895010060,
1677,0.027098450439121600,
1678,0.3444985582165460,
1679,0.28235108953411000,
1680,0.17910170237530300,
1681,0.019665948588715700,
1682,0.5605010968763010,
1683,0.3534141668643800,
1684,0.5211794577118100,
1685,0.01618483187716730,
1686,0.781536576957275,
1687,0.23246721672776700,
1688,0.30065771549435300,
1689,0.07456789733156530,
1690,0.016635905067160200,
1691,0.3536513961465020,
1692,0.11904361160992600,
1693,0.3971312645186370,
1694,0.04146625443479760,
1695,0.1800263874310760,
1696,0.470216596126779,
1697,0.2834472461293000,
1698,0.08031763262135240,
1699,0.12163646719299100,
1700,0.050681994037777100,
1701,0.17057120931841600,
1702,0.025805706197401400,
1703,0.037886203205362700,
1704,0.6887920430419730,
1705,0.09119383237294490,
1706,0.5035654601549830,
1707,0.25850434119780000,
1708,0.6627281201242450,
1709,0.5747439587918020,
1710,0.01138974279778790,
1711,0.3895710911874810,
1712,0.041634275700047700,
1713,0.504868041945396,
1714,0.08649135173465870,
1715,0.012648372196609900,
1716,0.3067018601648540,
1717,0.013804732433011600,
1718,0.015711633021723500,
1719,0.2401348333929020,
1720,0.009788035211009820,
1721,0.6617060087926280,
1722,0.42161141779032400,
1723,0.013719580365612600,
1724,0.7482573621328000,
1725,0.41210983015134800,
1726,0.5115830320659660,
1727,0.03777579947649630,
1728,0.014328728381595900,
1729,0.750675698355029,
1730,0.671561173775559,
1731,0.511044578629712,
1732,0.3940377944620640,
1733,0.06251049060705390,
1734,0.33081408138933600,
1735,0.46723067874315900,
1736,0.06917945625010940,
1737,0.6296047706006230,
1738,0.015052179212136300,
1739,0.030707024203789600,
1740,0.5655395780869380,
1741,0.23642464135949600,
1742,0.010500754914650600,
1743,0.23690926907064200,
1744,0.01618483187716730,
1745,0.017408666982003700,
1746,0.27826225203394500,
1747,0.02205723643887380,
1748,0.05953449295034280,
1749,0.009022546962566360,
1750,0.2613420264286520,
1751,0.4948832543614680,
1752,0.19988449488917300,
1753,0.7486167987976810,
1754,0.04848518687068990,
1755,0.048654187766372500,
1756,0.11298784645424400,
1757,0.016251125016274800,
1758,0.8410700088268760,
1759,0.5845086253441170,
1760,0.014733590212516000,
